Date,Time,"Virtual Memory Commited [MB]","Virtual Memory Available [MB]","Virtual Memory Load [%]","Physical Memory Used [MB]","Physical Memory Available [MB]","Physical Memory Load [%]","Page File Usage [%]","Core 0 VID [V]","Core 1 VID [V]","Core 2 VID [V]","Core 3 VID [V]","Core 4 VID [V]","Core 5 VID [V]","Core 0 Clock (perf #2/4) [MHz]","Core 1 Clock (perf #1/2) [MHz]","Core 2 Clock (perf #1/1) [MHz]","Core 3 Clock (perf #4/6) [MHz]","Core 4 Clock (perf #3/3) [MHz]","Core 5 Clock (perf #5/5) [MHz]","Bus Clock [MHz]","Core 0 T0 Effective Clock [MHz]","Core 0 T1 Effective Clock [MHz]","Core 1 T0 Effective Clock [MHz]","Core 1 T1 Effective Clock [MHz]","Core 2 T0 Effective Clock [MHz]","Core 2 T1 Effective Clock [MHz]","Core 3 T0 Effective Clock [MHz]","Core 3 T1 Effective Clock [MHz]","Core 4 T0 Effective Clock [MHz]","Core 4 T1 Effective Clock [MHz]","Core 5 T0 Effective Clock [MHz]","Core 5 T1 Effective Clock [MHz]","Average Effective Clock [MHz]","Core 0 T0 Usage [%]","Core 0 T1 Usage [%]","Core 1 T0 Usage [%]","Core 1 T1 Usage [%]","Core 2 T0 Usage [%]","Core 2 T1 Usage [%]","Core 3 T0 Usage [%]","Core 3 T1 Usage [%]","Core 4 T0 Usage [%]","Core 4 T1 Usage [%]","Core 5 T0 Usage [%]","Core 5 T1 Usage [%]","Max CPU/Thread Usage [%]","Total CPU Usage [%]","Core 0 Ratio [x]","Core 1 Ratio [x]","Core 2 Ratio [x]","Core 3 Ratio [x]","Core 4 Ratio [x]","Core 5 Ratio [x]","Package C6 Residency [%]","Core 0 C0 Residency [%]","Core 1 C0 Residency [%]","Core 2 C0 Residency [%]","Core 3 C0 Residency [%]","Core 4 C0 Residency [%]","Core 5 C0 Residency [%]","Core 0 C1 Residency [%]","Core 1 C1 Residency [%]","Core 2 C1 Residency [%]","Core 3 C1 Residency [%]","Core 4 C1 Residency [%]","Core 5 C1 Residency [%]","Core 0 C6 Residency [%]","Core 1 C6 Residency [%]","Core 2 C6 Residency [%]","Core 3 C6 Residency [%]","Core 4 C6 Residency [%]","Core 5 C6 Residency [%]","Memory Clock [MHz]","Memory Clock Ratio [x]","Tcas [T]","Trcd [T]","Trp [T]","Tras [T]","Trc [T]","Trfc [T]","Command Rate [T]","CPU (Tctl/Tdie) [°C]","CPU Die (average) [°C]","CPU CCD1 (Tdie) [°C]","CPU Core Voltage (SVI2 TFN) [V]","SoC Voltage (SVI2 TFN) [V]","CPU Core VID (Effective) [V]","CPU Core Current (SVI2 TFN) [A]","SoC Current (SVI2 TFN) [A]","CPU TDC [A]","CPU EDC [A]","CPU Package Power (SMU) [W]","Core 0 Power (SMU) [W]","Core 1 Power (SMU) [W]","Core 2 Power (SMU) [W]","Core 3 Power (SMU) [W]","Core 4 Power (SMU) [W]","Core 5 Power (SMU) [W]","CPU Core Power [W]","CPU SoC Power [W]","Core+SoC Power [W]","CPU PPT [W]","Infinity Fabric Clock (FCLK) [MHz]","Memory Controller Clock (UCLK) [MHz]","CPU PPT Limit [%]","CPU TDC Limit [%]","CPU EDC Limit [%]","Power Reporting Deviation (Accuracy) [%]","Thermal Throttling (HTC) [Yes/No]","Thermal Throttling (PROCHOT CPU) [Yes/No]","Thermal Throttling (PROCHOT EXT) [Yes/No]","Motherboard [°C]","CPU [°C]","Auxiliary [°C]","CPU (PECI) [°C]","Vcore [V]","+3.3V (AVCC) [V]","+3.3V (3VCC) [V]","VIN4 [V]","3VSB [V]","VBAT [V]","VTT [V]","VIN5 [V]","VIN6 [V]","+12V [V]","+5V [V]","CPU1 [RPM]","Chassis2 [RPM]","Chassis Intrusion [Yes/No]","Drive Temperature [°C]","Drive Remaining Life [%]","Drive Failure [Yes/No]","Drive Warning [Yes/No]","Total Host Writes [GB]","Total Host Reads [GB]","Read Activity [%]","Write Activity [%]","Total Activity [%]","Read Rate [MB/s]","Write Rate [MB/s]","Read Total [MB]","Write Total [MB]","GPU Thermal Diode [°C]","GPU Core Voltage (VDDC) [V]","GPU Fan (ODN) [RPM]","GPU Core Current [A]","GPU Core Power [W]","GPU Chip Power [W]","GPU Clock [MHz]","GPU Memory Clock [MHz]","GPU Utilization [%]","GPU D3D Usage [%]","GPU Memory Controller Utilization [%]","GPU I/O Utilization [%]","GPU Video Decode 0 Usage [%]","GPU Video Encode 0 Usage [%]","GPU Video Encode 1 Usage [%]","GPU Video Encode 2 Usage [%]","GPU Video Encode 3 Usage [%]","GPU Video Encode 4 Usage [%]","GPU Computing (High Priority Compute) Usage [%]","GPU Computing (Compute 3) Usage [%]","GPU Computing (Compute 0) Usage [%]","GPU Computing (Compute 1) Usage [%]","GPU Fan Speed [%]","GPU D3D Memory Dedicated [MB]","GPU D3D Memory Dynamic [MB]","PCIe Link Speed [GT/s]","GPU Memory Usage [MB]","GPU Memory Errors []","GPU Voltage [V]","GPU VRM Voltage In (VIN/+12V) [V]","GPU VID [V]","GPU Current [A]","GPU VRM Power Out (POUT) [W]","Total DL [MB]","Total UP [MB]","Current DL rate [KB/s]","Current UP rate [KB/s]","Total DL [MB]","Total UP [MB]","Current DL rate [KB/s]","Current UP rate [KB/s]","Total Errors []","GPU Aux Current [A]","Framerate [FPS]","Framerate 1% Low [FPS]","Framerate 0.1% Low [FPS]",
18.2.2021,16:59:42.971,16050,21513,42.7,10173,22525,31.1,0.0,1.450,1.019,1.019,1.019,1.019,1.019,3593.5,3593.5,3593.5,4242.3,4242.3,3393.8,99.8,1505.0,158.6,646.8,610.5,642.6,350.0,257.0,99.6,420.2,145.5,289.8,457.4,465.3,23.2,2.3,26.3,14.7,20.9,10.8,10.0,2.3,14.7,6.2,5.4,11.6,26.3,12.4,36.0,36.0,36.0,42.5,42.5,34.0,0.0,36.7,41.1,37.8,32.2,34.2,36.1,63.3,58.9,62.2,67.8,65.8,63.9,0.0,0.0,0.0,0.0,0.0,0.0,1597.1,16.00,16,18,18,38,75,560,1,45.0,40.9,39.8,1.438,1.087,1.463,17.664,11.736,17.657,28.453,47.501,2.487,3.076,2.726,1.857,2.091,2.399,24.245,12.763,37.008,47.583,1500.0,800.0,54.1,29.4,31.6,164.8,No,No,No,37.0,45.4,37.0,40.0,1.280,3.296,3.296,0.792,3.424,3.280,1.840,0.176,0.128,11.986,5.016,1261,2766,No,39,100.0,No,No,3691,1804,0.1,0.1,0.2,0.178,1.038,9637,4558,57,1.125,885,98.719,111.059,140.309,1340.0,1750.0,99.0,99.6,51.0,0.0,1.0,0.0,0.0,0.0,0.0,0.0,0.0,0.0,0.0,0.0,18.0,3656,94,8.0,3555,0,1.075,11.484,1.138,90.820,105.273,0,0,0.000,0.000,246,14,0.000,1.215,0,1.000,95,79,79,
18.2.2021,16:59:44.988,16048,21515,42.7,10175,22523,31.1,0.0,1.444,1.444,1.444,1.456,1.456,1.456,4242.3,4242.3,4242.3,4242.3,4242.3,4242.3,99.8,1419.8,129.2,637.3,545.4,595.8,370.5,242.8,81.2,417.0,145.4,300.2,384.4,439.1,14.7,1.5,15.5,14.7,13.1,7.7,4.6,1.5,11.6,2.3,2.3,10.0,15.5,8.3,42.5,42.5,42.5,42.5,42.5,42.5,0.0,34.8,39.7,35.9,30.8,32.8,33.4,65.2,60.3,64.1,69.2,67.2,66.6,0.0,0.0,0.0,0.0,0.0,0.0,1597.1,16.00,16,18,18,38,75,560,1,43.0,40.6,39.0,1.450,1.087,1.463,17.267,11.716,17.266,26.796,46.786,2.284,2.942,2.635,1.781,2.047,2.218,23.577,12.741,36.318,46.899,1500.0,800.0,53.3,28.8,29.8,168.9,No,No,No,37.0,43.1,37.0,40.0,1.392,3.312,3.296,0.792,3.424,3.280,1.840,0.176,0.128,11.986,5.016,1227,2743,No,39,100.0,No,No,3691,1804,0.1,0.2,0.3,0.203,1.912,9637,4561,58,1.131,898,101.250,114.539,141.211,1340.0,1750.0,100.0,99.7,49.0,0.0,0.8,0.0,0.0,0.0,0.0,0.0,0.0,0.0,0.0,0.0,18.0,3656,94,8.0,3555,0,1.125,11.484,1.138,91.211,104.297,0,0,0.000,0.000,246,14,0.189,1.337,0,0.000,91,76,58,
18.2.2021,16:59:47.018,16049,21514,42.7,10177,22522,31.1,0.0,1.444,1.444,1.456,1.456,1.456,1.456,3593.5,3593.5,3433.8,3593.5,3593.5,3593.5,99.8,1426.1,156.5,701.1,595.4,600.6,368.6,253.6,112.3,422.6,165.0,332.1,385.6,460.0,18.4,3.0,13.8,11.5,16.1,3.8,6.1,2.3,7.6,3.8,7.6,6.9,18.4,8.4,36.0,36.0,34.4,36.0,36.0,36.0,0.0,35.0,41.4,36.7,31.9,33.9,34.7,65.0,58.6,63.3,68.1,66.1,65.3,0.0,0.0,0.0,0.0,0.0,0.0,1597.1,16.00,16,18,18,38,75,560,1,55.3,41.2,42.3,1.438,1.087,1.463,17.459,11.732,17.464,27.525,47.093,2.322,3.075,2.641,1.832,2.087,2.295,23.838,12.758,36.596,47.186,1500.0,800.0,53.6,29.1,30.6,166.5,No,No,No,37.0,55.9,37.0,40.0,1.264,3.312,3.296,0.792,3.424,3.280,1.840,0.176,0.128,11.933,5.016,1198,2755,No,39,100.0,No,No,3691,1804,0.1,0.1,0.2,0.330,0.889,9638,4563,59,1.106,926,106.313,117.608,142.375,1340.0,1750.0,100.0,100.0,7.0,0.0,0.9,0.0,0.0,0.0,0.0,0.0,0.0,0.0,0.0,0.0,19.0,3656,94,8.0,3555,0,1.119,11.531,1.138,94.727,104.492,0,0,0.000,0.000,246,14,0.290,1.285,0,1.000,85,73,58,
18.2.2021,16:59:49.048,16049,21513,42.7,10175,22523,31.1,0.0,1.019,1.456,1.456,1.456,1.456,1.456,3593.5,4242.3,4242.3,4242.3,4242.3,4242.3,99.8,1381.7,154.4,723.5,535.3,650.1,382.9,238.9,92.5,410.2,173.7,299.3,395.6,453.1,12.3,1.5,13.0,11.5,13.0,5.3,3.8,1.5,9.2,1.5,4.6,5.3,13.0,6.9,36.0,42.5,42.5,42.5,42.5,42.5,0.0,33.9,40.1,36.9,30.7,33.0,34.0,66.1,59.9,63.1,69.3,67.0,66.0,0.0,0.0,0.0,0.0,0.0,0.0,1597.1,16.00,16,18,18,38,75,560,1,52.1,41.6,44.0,1.444,1.087,1.463,17.491,11.723,17.491,27.057,47.206,2.310,3.112,2.715,1.807,2.081,2.250,23.978,12.748,36.726,47.305,1500.0,800.0,53.8,29.2,30.1,167.5,No,No,No,37.0,52.6,37.0,40.0,1.392,3.296,3.296,0.792,3.424,3.264,1.840,0.176,0.128,11.986,5.016,1344,2760,No,39,100.0,No,No,3691,1804,0.0,0.1,0.1,0.000,1.035,9638,4565,60,1.113,936,99.563,110.763,144.316,1340.0,1750.0,99.0,99.9,8.0,0.0,1.1,0.0,0.0,0.0,0.0,0.0,0.0,0.0,0.0,0.0,19.0,3656,95,8.0,3555,0,1.106,11.484,1.144,96.289,104.297,0,0,0.000,0.000,246,14,0.116,1.237,0,1.000,81,71,58,
18.2.2021,16:59:51.067,16048,21514,42.7,10171,22527,31.1,0.0,1.019,1.019,1.019,1.019,1.019,1.463,4242.3,4242.3,4242.3,4242.3,4242.3,4242.3,99.8,1347.2,122.7,731.1,519.0,532.0,347.5,219.3,80.8,387.3,160.4,273.7,336.4,421.4,11.5,2.3,15.3,12.3,11.5,5.3,6.1,1.5,6.9,2.3,1.5,6.9,15.3,7.0,42.5,42.5,42.5,42.5,42.5,42.5,0.0,33.1,40.0,34.9,29.8,32.0,32.8,66.9,60.0,65.1,70.2,68.0,67.2,0.0,0.0,0.0,0.0,0.0,0.0,1597.1,16.00,16,18,18,38,75,560,1,49.0,40.7,38.5,1.438,1.087,1.463,17.140,11.712,17.137,26.011,46.597,2.187,3.025,2.501,1.724,2.006,2.128,23.380,12.737,36.117,46.687,1500.0,800.0,53.1,28.6,28.9,171.4,No,No,No,37.0,49.4,37.0,40.0,1.296,3.312,3.296,0.792,3.424,3.280,1.840,0.176,0.128,11.986,5.016,1331,2749,No,39,100.0,No,No,3691,1804,0.1,0.1,0.2,0.259,0.794,9638,4567,60,1.113,965,104.625,116.395,146.113,1340.0,1750.0,100.0,99.9,40.0,0.0,0.8,0.0,0.0,0.0,0.0,0.0,0.0,0.0,0.0,0.0,19.0,3656,95,8.0,3555,0,1.100,11.453,1.144,93.359,107.031,0,0,0.000,0.000,246,14,0.043,1.183,0,0.000,76,68,58,
18.2.2021,16:59:53.090,16048,21514,42.7,10170,22528,31.1,0.0,1.019,1.019,1.019,1.019,1.019,1.019,3593.5,3593.5,3593.5,3593.5,3593.5,3593.5,99.8,1331.7,139.5,678.1,558.1,572.1,343.9,247.3,92.2,411.7,161.8,271.8,378.5,432.2,15.5,3.8,21.7,14.7,15.5,7.7,8.5,4.6,13.9,4.6,5.4,10.8,21.7,10.6,36.0,36.0,36.0,36.0,36.0,36.0,0.0,32.7,39.2,34.4,30.0,31.7,31.7,67.3,60.8,65.6,70.0,68.3,68.3,0.0,0.0,0.0,0.0,0.0,0.0,1597.1,16.00,16,18,18,38,75,560,1,46.1,40.7,37.0,1.444,1.087,1.463,17.129,11.725,17.136,25.509,46.584,2.203,3.005,2.523,1.765,2.024,2.136,23.340,12.751,36.091,46.681,1500.0,800.0,53.0,28.6,28.3,170.1,No,No,No,37.0,46.4,37.0,40.0,1.344,3.312,3.296,0.792,3.424,3.280,1.840,0.176,0.128,11.986,5.016,1289,2760,No,40,100.0,No,No,3691,1804,0.0,0.1,0.2,0.105,0.609,9639,4568,61,1.106,973,98.719,109.208,144.934,1340.0,1750.0,100.0,100.0,50.0,0.0,1.0,0.0,0.0,0.0,0.0,0.0,0.0,0.0,0.0,0.0,20.0,3656,95,8.0,3555,0,1.113,11.484,1.144,106.250,119.141,0,0,0.000,0.000,246,14,0.215,1.236,0,1.000,75,67,58,
18.2.2021,16:59:55.111,16055,21507,42.7,10178,22520,31.1,0.0,1.444,1.450,1.450,1.450,1.450,1.450,4242.3,4242.3,4242.3,4242.3,4242.3,4242.3,99.8,1377.8,151.7,702.2,480.9,517.6,433.5,239.6,98.7,420.9,158.2,270.5,405.9,438.1,12.4,3.1,17.8,11.6,10.8,9.3,3.8,3.8,15.5,6.9,5.4,12.4,17.8,9.4,42.5,42.5,42.5,42.5,42.5,42.5,0.0,33.7,38.9,35.6,30.4,32.2,32.9,66.3,61.1,64.4,69.6,67.8,67.1,0.0,0.0,0.0,0.0,0.0,0.0,1597.1,16.00,16,18,18,38,75,560,1,44.0,41.1,41.8,1.444,1.087,1.463,17.396,11.726,17.385,26.433,47.074,2.332,2.995,2.627,1.809,2.072,2.217,23.860,12.752,36.612,47.172,1500.0,800.0,53.6,29.0,29.4,169.2,No,No,No,37.0,44.4,37.0,40.0,1.344,3.312,3.296,0.792,3.424,3.264,1.840,0.176,0.128,11.986,5.016,1245,2755,No,39,100.0,No,No,3691,1804,0.0,0.0,0.0,0.008,0.261,9639,4568,61,1.100,994,107.156,117.872,146.199,1340.0,1750.0,95.0,99.5,59.0,0.0,0.9,0.0,0.0,0.0,0.0,0.0,0.0,0.0,0.0,0.0,20.0,3656,95,8.0,3555,0,1.138,11.531,1.144,86.328,98.730,0,0,0.000,0.000,246,14,0.184,1.259,0,0.000,77,66,58,
18.2.2021,16:59:57.126,16057,21506,42.7,10179,22519,31.1,0.0,1.019,1.444,1.444,1.444,1.444,1.463,4242.3,3393.8,4242.3,3393.8,3393.8,4242.3,99.8,1381.7,141.3,686.0,581.7,584.0,395.7,261.2,109.4,391.2,163.2,289.6,361.3,445.5,13.9,3.8,13.1,12.4,9.3,9.3,6.9,0.7,10.0,3.1,5.4,7.7,13.9,8.0,42.5,34.0,42.5,34.0,34.0,42.5,0.0,33.9,40.4,36.2,31.1,32.1,32.7,66.1,59.6,63.8,68.9,67.9,67.3,0.0,0.0,0.0,0.0,0.0,0.0,1597.1,16.00,16,18,18,38,75,560,1,43.1,41.1,42.0,1.438,1.087,1.463,17.414,11.739,17.422,26.684,47.092,2.326,3.062,2.693,1.848,2.043,2.158,23.831,12.766,36.597,47.191,1500.0,800.0,53.6,29.0,29.6,167.9,No,No,No,37.0,43.1,37.0,40.0,1.344,3.296,3.296,0.792,3.424,3.264,1.840,0.176,0.128,11.933,5.016,1200,2755,No,40,100.0,No,No,3691,1804,0.1,0.1,0.1,0.024,0.207,9639,4569,62,1.100,1011,101.250,111.375,144.316,1340.0,1750.0,100.0,99.9,8.0,0.0,0.8,0.0,0.0,0.0,0.0,0.0,0.0,0.0,0.0,0.0,21.0,3656,96,8.0,3555,0,1.106,11.484,1.144,99.805,103.125,0,0,0.000,0.000,246,14,0.079,1.246,0,0.000,77,66,58,
18.2.2021,16:59:59.153,16052,21510,42.7,10175,22524,31.1,0.0,1.438,1.438,1.438,1.019,1.019,1.019,3593.5,3593.5,4242.3,4242.3,4242.3,4242.3,99.8,1454.2,179.1,607.8,732.7,547.6,521.9,308.6,121.7,500.4,164.2,318.3,396.2,487.7,12.3,6.1,15.3,13.0,13.0,10.0,10.7,2.3,13.0,4.6,4.6,8.4,15.3,9.4,36.0,36.0,42.5,42.5,42.5,42.5,0.0,35.5,41.2,37.3,32.4,33.4,34.6,64.5,58.8,62.7,67.6,66.6,65.4,0.0,0.0,0.0,0.0,0.0,0.0,1597.1,16.00,16,18,18,38,75,560,1,43.0,42.0,41.3,1.431,1.087,1.463,17.923,11.783,17.919,27.963,47.923,2.539,3.254,2.901,1.951,2.212,2.284,24.626,12.814,37.440,48.024,1500.0,800.0,54.6,29.9,31.1,161.9,No,No,No,37.0,43.0,37.0,40.0,1.232,3.312,3.296,0.792,3.424,3.280,1.840,0.176,0.128,11.986,5.016,1206,2743,No,39,100.0,No,No,3691,1804,0.0,0.0,0.1,0.008,0.105,9639,4569,62,1.113,1029,102.094,113.579,142.566,1340.0,1750.0,100.0,100.0,11.0,0.0,1.0,0.0,0.0,0.0,0.0,0.0,0.0,0.0,0.0,0.0,21.0,3656,98,8.0,3555,0,1.119,11.484,1.144,102.148,107.813,0,0,0.000,0.000,246,14,0.235,1.281,0,0.000,75,66,63,
18.2.2021,17:0:1.178,16049,21513,42.7,10172,22526,31.1,0.0,1.019,1.463,1.463,1.463,1.463,1.463,3593.5,4242.3,4242.3,4242.3,4242.3,4242.3,99.8,1512.1,212.5,621.7,786.2,534.3,693.8,377.7,135.4,604.3,187.0,360.5,435.0,538.4,18.6,6.9,15.5,14.7,13.9,15.5,10.0,3.1,15.5,4.6,4.6,10.8,18.6,11.1,36.0,42.5,42.5,42.5,42.5,42.5,0.0,36.8,42.6,39.8,33.4,35.1,36.2,63.2,57.4,60.2,66.6,64.9,63.8,0.0,0.0,0.0,0.0,0.0,0.0,1597.1,16.00,16,18,18,38,75,560,1,43.0,42.8,43.5,1.444,1.087,1.469,18.694,11.819,18.696,29.658,49.200,2.753,3.427,3.158,2.121,2.457,2.434,25.841,12.853,38.694,49.301,1500.0,800.0,56.0,31.2,33.0,157.4,No,No,No,37.0,43.0,37.0,40.0,1.344,3.312,3.296,0.792,3.424,3.264,1.840,0.176,0.128,11.986,5.016,1206,2760,No,40,100.0,No,No,3691,1804,0.0,0.1,0.1,0.155,0.133,9639,4569,62,1.113,1057,100.406,111.702,141.355,1340.0,1750.0,100.0,99.6,11.0,0.0,1.1,0.0,0.0,0.0,0.0,0.0,0.0,0.0,0.0,0.0,21.0,3657,99,8.0,3556,0,1.106,11.484,1.144,96.680,101.758,0,0,0.000,0.000,246,14,4.384,1.334,0,1.000,73,65,62,
18.2.2021,17:0:3.202,16049,21513,42.7,10170,22529,31.1,0.0,1.469,1.456,1.456,1.456,1.456,1.456,4242.3,4242.3,4242.3,4242.3,4242.3,4242.3,99.8,1547.8,218.7,654.0,850.2,509.2,680.0,405.3,161.5,626.3,199.2,347.5,403.0,550.2,18.4,6.9,15.3,16.9,10.0,13.8,10.0,3.8,13.0,5.3,4.6,6.1,18.4,10.3,42.5,42.5,42.5,42.5,42.5,42.5,0.0,37.6,44.2,39.7,34.6,35.8,35.8,62.4,55.8,60.3,65.4,64.2,64.2,0.0,0.0,0.0,0.0,0.0,0.0,1597.1,16.00,16,18,18,38,75,560,1,43.0,42.9,45.5,1.444,1.087,1.463,18.850,11.829,18.845,30.343,49.479,2.819,3.609,3.126,2.223,2.528,2.403,26.122,12.864,38.986,49.580,1500.0,800.0,56.3,31.4,33.7,155.8,No,No,No,37.0,43.0,37.0,40.0,1.344,3.312,3.296,0.792,3.424,3.264,1.840,0.176,0.128,11.933,5.016,1194,2749,No,40,100.0,No,No,3691,1804,0.0,0.0,0.0,0.000,0.018,9639,4569,63,1.094,1071,104.625,114.434,140.910,1340.0,1750.0,100.0,99.6,40.0,0.0,1.0,0.0,0.0,0.0,0.0,0.0,0.0,0.0,0.0,0.0,22.0,3657,99,8.0,3556,0,1.106,11.594,1.144,89.648,104.688,0,0,0.000,0.000,246,14,1.872,1.267,0,1.000,73,64,62,
18.2.2021,17:0:5.218,16049,21513,42.7,10170,22528,31.1,0.0,1.456,1.456,1.456,1.456,1.456,1.456,4242.3,4242.3,4242.3,4242.3,4242.3,4242.3,99.8,1548.9,207.6,660.2,816.8,600.8,624.5,382.0,168.8,632.6,203.1,359.8,411.3,551.4,19.3,6.2,10.0,20.1,11.6,13.9,6.9,4.6,17.0,4.6,9.3,8.5,20.1,11.0,42.5,42.5,42.5,42.5,42.5,42.5,0.0,37.7,43.7,39.9,34.5,35.9,35.7,62.3,56.3,60.1,65.5,64.1,64.3,0.0,0.0,0.0,0.0,0.0,0.0,1597.1,16.00,16,18,18,38,75,560,1,43.0,43.1,44.3,1.444,1.087,1.463,18.808,11.830,18.803,30.250,49.386,2.827,3.548,3.190,2.175,2.531,2.410,26.002,12.865,38.867,49.467,1500.0,800.0,56.2,31.3,33.6,155.3,No,No,No,37.0,43.0,37.0,40.0,1.392,3.312,3.296,0.792,3.424,3.280,1.840,0.176,0.128,11.986,5.016,1204,2743,No,40,100.0,No,No,3691,1804,0.0,0.0,0.0,0.000,0.010,9639,4569,63,1.113,1097,97.875,108.886,138.785,1340.0,1750.0,100.0,99.9,46.0,0.0,1.0,0.0,0.0,0.0,0.0,0.0,0.0,0.0,0.0,0.0,22.0,3657,99,8.0,3556,0,1.106,11.516,1.144,86.719,98.047,0,0,0.000,0.000,246,14,1.314,1.216,0,0.000,76,64,62,
18.2.2021,17:0:7.235,16044,21519,42.7,10166,22532,31.0,0.0,1.456,1.456,1.456,1.456,1.456,1.456,4267.3,3413.8,3413.8,3593.5,3593.5,3593.5,99.8,1570.4,194.2,617.2,855.4,572.2,646.7,378.9,145.9,621.8,190.2,369.6,397.4,546.6,18.6,2.3,9.3,14.7,12.4,9.3,6.9,2.3,10.8,0.7,8.5,6.9,18.6,8.6,42.8,34.2,34.2,36.0,36.0,36.0,0.0,38.2,44.2,40.2,34.6,36.3,36.5,61.8,55.8,59.8,65.4,63.7,63.5,0.0,0.0,0.0,0.0,0.0,0.0,1597.1,16.00,16,18,18,38,75,560,1,43.0,43.2,39.5,1.438,1.087,1.463,18.881,11.818,18.884,30.705,49.504,2.817,3.559,3.184,2.181,2.544,2.448,26.149,12.852,39.001,49.609,1500.0,800.0,56.4,31.5,34.1,155.6,No,No,No,37.0,43.0,37.0,40.0,1.392,3.312,3.296,0.792,3.424,3.280,1.840,0.176,0.128,11.933,5.016,1201,2760,No,40,100.0,No,No,3691,1804,0.0,0.0,0.0,0.008,0.022,9639,4569,63,1.131,1124,98.719,111.676,138.691,1340.0,1750.0,99.0,100.0,42.0,0.0,0.9,0.0,0.0,0.0,0.0,0.0,0.0,0.0,0.0,0.0,23.0,3657,99,8.0,3556,0,1.100,11.484,1.144,89.258,102.148,0,0,0.000,0.000,246,14,0.539,2.271,0,1.000,87,64,62,
18.2.2021,17:0:9.251,16043,21519,42.7,10169,22529,31.1,0.0,1.438,1.438,1.438,1.438,1.438,1.438,4242.3,4242.3,4242.3,4242.3,4242.3,4242.3,99.8,1572.9,194.0,612.3,852.3,617.7,556.7,317.4,115.0,535.8,198.5,312.9,384.1,522.5,14.7,2.3,12.4,13.9,10.0,8.5,6.2,0.0,10.0,6.2,3.1,10.0,14.7,8.1,42.5,42.5,42.5,42.5,42.5,42.5,0.0,38.2,44.1,40.1,33.5,35.2,35.3,61.8,55.9,59.9,66.5,64.8,64.7,0.0,0.0,0.0,0.0,0.0,0.0,1597.1,16.00,16,18,18,38,75,560,1,43.0,42.6,47.3,1.444,1.087,1.463,18.530,11.802,18.529,30.183,48.950,2.755,3.494,3.126,2.041,2.388,2.340,25.640,12.834,38.474,49.071,1500.0,800.0,55.8,30.9,33.5,158.5,No,No,No,37.0,43.0,37.0,40.0,1.456,3.312,3.296,0.792,3.424,3.280,1.840,0.176,0.128,11.933,5.016,1195,2760,No,40,100.0,No,No,3691,1804,0.0,0.0,0.0,0.000,0.067,9639,4569,63,1.094,1134,97.031,106.128,141.344,1340.0,1750.0,100.0,99.9,41.0,0.0,0.9,0.0,0.0,0.0,0.0,0.0,0.0,0.0,0.0,0.0,23.0,3657,99,8.0,3556,0,1.125,11.516,1.144,91.211,104.102,0,0,0.000,0.000,246,14,0.469,1.339,0,1.000,95,64,62,
18.2.2021,17:0:11.268,16042,21520,42.7,10170,22529,31.1,0.0,1.019,1.463,1.463,1.463,1.463,1.463,3593.5,4242.3,4242.3,4242.3,4242.3,4242.3,99.8,1577.7,183.0,870.3,501.1,742.8,495.1,325.4,111.0,528.8,190.8,309.4,373.8,517.4,18.6,1.5,20.1,10.8,20.1,2.3,8.5,3.1,15.5,3.1,4.6,6.9,20.1,9.6,36.0,42.5,42.5,42.5,42.5,42.5,0.0,38.4,43.3,40.8,33.9,35.9,35.6,61.6,56.7,59.2,66.1,64.1,64.4,0.0,0.0,0.0,0.0,0.0,0.0,1597.1,16.00,16,18,18,38,75,560,1,43.0,42.6,43.3,1.438,1.087,1.463,18.503,11.805,18.510,30.383,48.939,2.758,3.348,3.206,2.036,2.372,2.337,25.594,12.838,38.432,49.042,1500.0,800.0,55.7,30.9,33.8,158.6,No,No,No,37.0,43.0,37.0,40.0,1.456,3.312,3.296,0.792,3.424,3.280,1.840,0.176,0.128,11.986,5.016,1215,2755,No,40,100.0,No,No,3691,1804,0.0,0.0,0.0,0.000,0.004,9639,4569,63,1.125,1150,98.719,111.059,139.813,1340.0,1750.0,100.0,99.9,13.0,0.0,1.0,0.0,0.0,0.0,0.0,0.0,0.0,0.0,0.0,0.0,24.0,3657,99,8.0,3556,0,1.113,11.484,1.144,95.313,104.492,0,0,0.000,0.000,246,14,0.275,1.351,0,1.000,102,64,62,
18.2.2021,17:0:13.309,16042,21521,42.7,10167,22531,31.0,0.0,1.019,1.456,1.456,1.456,1.456,1.456,4242.3,4242.3,4242.3,4242.3,4242.3,4242.3,99.8,1717.4,224.0,1023.1,557.0,875.1,517.3,367.8,145.9,617.0,225.6,353.8,430.5,587.9,19.2,2.3,16.1,10.7,18.4,7.6,5.3,2.3,10.7,3.8,3.0,6.1,19.2,8.8,42.5,42.5,42.5,42.5,42.5,42.5,0.0,41.7,46.8,44.2,36.9,38.8,38.4,58.3,53.2,55.8,63.1,61.2,61.6,0.0,0.0,0.0,0.0,0.0,0.0,1597.1,16.00,16,18,18,38,75,560,1,43.0,43.1,39.8,1.444,1.087,1.463,19.209,11.853,19.208,33.364,49.993,2.993,3.710,3.438,2.170,2.551,2.491,26.585,12.890,39.474,50.082,1500.0,800.0,56.9,32.0,37.1,152.6,No,No,No,38.0,43.0,38.0,40.0,1.344,3.296,3.296,0.784,3.424,3.280,1.840,0.176,0.128,11.933,5.016,1193,2755,No,40,100.0,No,No,3691,1804,0.0,0.0,0.0,0.000,0.014,9639,4569,64,1.113,1166,99.563,110.763,140.230,1340.0,1750.0,100.0,100.0,15.0,0.0,1.0,0.0,0.0,0.0,0.0,0.0,0.0,0.0,0.0,0.0,24.0,3657,99,8.0,3556,0,1.138,11.516,1.144,87.891,102.930,0,0,0.000,0.000,246,14,0.073,1.331,0,0.000,118,64,62,
18.2.2021,17:0:15.325,16041,21521,42.7,10169,22530,31.0,0.0,1.469,1.019,1.019,1.019,1.019,1.019,3593.5,4242.3,4242.3,4242.3,4242.3,4242.3,99.8,1599.7,189.3,872.9,585.5,794.3,423.9,302.3,114.3,513.2,202.2,317.6,408.3,527.0,18.4,1.5,13.8,10.0,16.9,7.6,10.0,0.7,7.6,7.6,6.1,6.9,18.4,8.9,36.0,42.5,42.5,42.5,42.5,42.5,0.0,38.9,44.5,40.9,34.1,36.1,36.3,61.1,55.5,59.1,65.9,63.9,63.7,0.0,0.0,0.0,0.0,0.0,0.0,1597.1,16.00,16,18,18,38,75,560,1,43.0,42.9,43.0,1.431,1.087,1.463,18.764,11.808,18.761,31.014,49.336,2.828,3.504,3.212,2.046,2.378,2.413,26.009,12.841,38.849,49.438,1500.0,800.0,56.2,31.3,34.5,158.1,No,No,No,38.0,43.0,38.0,40.0,1.456,3.312,3.296,0.784,3.424,3.264,1.840,0.176,0.128,11.933,5.016,1208,2755,No,40,100.0,No,No,3691,1804,0.0,0.0,0.0,0.000,0.004,9639,4569,64,1.131,1169,104.625,118.357,140.332,1340.0,1750.0,100.0,99.9,27.0,0.0,0.9,0.0,0.0,0.0,0.0,0.0,0.0,0.0,0.0,0.0,24.0,3657,99,8.0,3556,0,1.125,11.484,1.144,99.023,106.445,0,0,0.000,0.000,246,14,0.034,1.246,0,0.000,102,64,63,
18.2.2021,17:0:17.341,16042,21521,42.7,10169,22529,31.1,0.0,1.444,1.444,1.444,1.444,1.450,1.450,4242.3,4242.3,4242.3,4242.3,4242.3,4242.3,99.8,1586.3,203.2,575.8,820.6,733.6,512.5,310.5,124.1,541.7,196.9,323.0,394.5,526.9,18.6,5.4,12.4,17.8,13.1,13.9,6.9,0.7,13.1,4.6,6.2,10.0,18.6,10.2,42.5,42.5,42.5,42.5,42.5,42.5,0.0,38.6,43.7,41.2,34.6,36.4,36.3,61.4,56.3,58.8,65.4,63.6,63.7,0.0,0.0,0.0,0.0,0.0,0.0,1597.1,16.00,16,18,18,38,75,560,1,43.0,42.8,43.5,1.444,1.087,1.463,18.643,11.802,18.642,30.823,49.135,2.763,3.419,3.182,2.063,2.407,2.397,25.807,12.835,38.642,49.238,1500.0,800.0,56.0,31.1,34.2,158.4,No,No,No,38.0,43.0,38.0,40.0,1.392,3.312,3.296,0.784,3.424,3.280,1.840,0.176,0.128,11.986,5.016,1194,2749,No,40,100.0,No,No,3691,1804,0.0,0.0,0.0,0.000,0.006,9639,4569,64,1.119,1170,102.938,115.161,139.051,1340.0,1750.0,100.0,99.9,46.0,0.0,0.9,0.0,0.0,0.0,0.0,0.0,0.0,0.0,0.0,0.0,24.0,3657,99,8.0,3556,0,1.100,11.453,1.144,94.531,106.445,0,0,0.000,0.000,246,14,0.257,1.182,0,0.000,108,65,63,
18.2.2021,17:0:19.363,16041,21521,42.7,10170,22528,31.1,0.0,1.444,1.019,1.019,1.019,1.019,1.019,3593.5,3393.8,4242.3,4242.3,3393.8,4242.3,99.8,1581.8,190.6,621.0,747.1,709.1,574.7,302.8,116.8,519.7,204.3,321.1,398.4,524.0,16.1,3.0,6.1,19.2,19.2,6.1,10.0,1.5,13.8,3.0,2.3,6.9,19.2,8.9,36.0,34.0,42.5,42.5,34.0,42.5,0.0,38.6,43.1,41.8,34.5,36.0,36.0,61.4,56.9,58.2,65.5,64.0,64.0,0.0,0.0,0.0,0.0,0.0,0.0,1597.1,16.00,16,18,18,38,75,560,1,43.0,42.6,43.8,1.444,1.087,1.463,18.562,11.787,18.558,30.660,48.990,2.724,3.371,3.212,2.018,2.370,2.390,25.662,12.818,38.480,49.068,1500.0,800.0,55.8,30.9,34.1,158.8,No,No,No,38.0,43.0,38.0,40.0,1.392,3.312,3.296,0.784,3.424,3.280,1.840,0.176,0.128,11.986,5.016,1195,2749,No,40,100.0,No,No,3691,1804,0.0,0.2,0.2,0.000,0.591,9639,4571,64,1.125,1170,96.188,108.211,139.324,1340.0,1750.0,100.0,99.6,33.0,0.0,0.9,0.0,0.0,0.0,0.0,0.0,0.0,0.0,0.0,0.0,24.0,3657,99,8.0,3556,0,1.113,11.484,1.144,94.336,100.391,0,0,0.000,0.000,246,14,0.149,1.278,0,1.000,107,65,63,
18.2.2021,17:0:21.380,16042,21521,42.7,10168,22530,31.0,0.0,1.413,1.425,1.425,1.425,1.425,1.425,4217.4,3593.5,3593.5,3593.5,3593.5,3593.5,99.8,1591.6,208.9,637.0,812.7,747.3,519.1,319.6,107.4,506.8,197.7,312.2,383.1,528.6,14.7,3.1,6.2,16.2,13.9,10.0,11.6,0.0,7.7,3.8,3.1,6.2,16.2,8.0,42.3,36.0,36.0,36.0,36.0,36.0,0.0,38.7,45.0,41.4,34.5,35.7,35.8,61.3,55.0,58.6,65.5,64.3,64.2,0.0,0.0,0.0,0.0,0.0,0.0,1597.1,16.00,16,18,18,38,75,560,1,52.0,43.0,44.0,1.413,1.087,1.431,18.702,11.782,18.700,30.983,49.226,2.794,3.541,3.278,2.063,2.365,2.364,25.937,12.813,38.751,49.346,1500.0,800.0,56.1,31.2,34.4,157.5,No,No,No,38.0,52.1,38.0,40.0,1.280,3.312,3.296,0.784,3.424,3.264,1.840,0.176,0.128,11.933,5.016,1205,2743,No,40,100.0,No,No,3691,1804,0.0,0.0,0.0,0.000,0.002,9639,4571,65,1.119,1170,97.031,108.554,140.121,1340.0,1750.0,99.0,99.9,53.0,0.0,1.0,0.0,0.0,0.0,0.0,0.0,0.0,0.0,0.0,0.0,24.0,3657,99,8.0,3556,0,1.113,11.453,1.144,94.727,106.445,0,0,0.000,0.000,246,14,0.043,1.182,0,0.000,113,65,63,
18.2.2021,17:0:23.405,16040,21522,42.7,10169,22529,31.0,0.0,1.013,1.456,1.456,1.456,1.456,1.456,3433.8,4242.3,4242.3,4242.3,4242.3,4242.3,99.8,1565.3,195.7,608.5,759.5,667.3,549.9,304.5,100.0,516.0,186.7,325.1,379.6,513.2,15.5,3.8,16.2,19.3,15.5,8.5,6.9,0.7,10.8,3.1,5.4,7.7,19.3,9.5,34.4,42.5,42.5,42.5,42.5,42.5,0.0,38.2,43.8,40.5,34.0,36.0,36.1,61.8,56.2,59.5,66.0,64.0,63.9,0.0,0.0,0.0,0.0,0.0,0.0,1597.1,16.00,16,18,18,38,75,560,1,48.9,42.5,44.8,1.444,1.087,1.463,18.319,11.776,18.326,30.335,48.593,2.639,3.321,3.138,1.998,2.325,2.351,25.285,12.806,38.091,48.696,1500.0,800.0,55.3,30.5,33.7,159.8,No,No,No,38.0,49.5,38.0,40.0,1.392,3.296,3.296,0.784,3.424,3.280,1.840,0.176,0.128,11.986,5.016,1305,2755,No,40,100.0,No,No,3691,1804,0.0,0.0,0.0,0.000,0.042,9639,4571,65,1.113,1197,103.781,115.457,141.297,1340.0,1750.0,100.0,99.6,6.0,0.0,1.1,0.0,0.0,0.0,0.0,0.0,0.0,0.0,0.0,0.0,24.0,3657,99,8.0,3556,0,1.113,11.484,1.144,98.047,109.766,0,0,0.000,0.000,246,14,0.000,1.206,0,1.000,111,65,63,
18.2.2021,17:0:25.425,16041,21521,42.7,10170,22529,31.1,0.0,1.456,1.444,1.456,1.456,1.456,1.456,4242.3,4242.3,4242.3,4242.3,4242.3,4242.3,99.8,1556.3,169.8,694.9,679.5,820.3,447.3,304.3,96.0,483.6,184.5,305.6,365.7,509.0,15.5,3.1,14.7,10.0,16.2,9.3,6.9,0.7,10.0,3.8,6.2,5.4,16.2,8.5,42.5,42.5,42.5,42.5,42.5,42.5,0.0,37.9,43.9,41.2,34.2,35.5,35.2,62.1,56.1,58.8,65.8,64.5,64.8,0.0,0.0,0.0,0.0,0.0,0.0,1597.1,16.00,16,18,18,38,75,560,1,46.3,42.6,47.3,1.444,1.087,1.463,18.579,11.769,18.575,30.579,49.079,2.689,3.419,3.256,2.014,2.305,2.341,25.771,12.799,38.570,49.157,1500.0,800.0,55.9,31.0,34.0,160.2,No,No,No,38.0,46.5,38.0,40.0,1.344,3.296,3.296,0.784,3.424,3.264,1.840,0.176,0.128,11.986,5.016,1286,2749,No,40,100.0,No,No,3691,1804,0.0,0.0,0.0,0.000,0.004,9639,4571,65,1.113,1203,98.719,109.825,141.137,1340.0,1750.0,100.0,100.0,32.0,0.0,0.9,0.0,0.0,0.0,0.0,0.0,0.0,0.0,0.0,0.0,24.0,3657,99,8.0,3556,0,1.106,11.516,1.144,94.922,104.883,0,0,0.000,0.000,246,14,0.203,1.227,0,1.000,111,65,63,
18.2.2021,17:0:27.440,16040,21522,42.7,10168,22531,31.0,0.0,1.456,1.450,1.450,1.450,1.450,1.450,4267.3,4267.3,4267.3,3593.5,3593.5,3593.5,99.8,1555.0,179.1,686.7,633.7,860.5,393.1,282.1,105.6,458.6,187.7,292.8,405.3,503.4,13.9,3.1,13.1,10.0,18.6,4.6,3.1,1.5,6.2,2.3,1.5,6.2,18.6,7.0,42.8,42.8,42.8,36.0,36.0,36.0,0.0,37.9,43.1,40.7,33.6,34.7,35.5,62.1,56.9,59.3,66.4,65.3,64.5,0.0,0.0,0.0,0.0,0.0,0.0,1597.1,16.00,16,18,18,38,75,560,1,44.6,42.6,41.5,1.438,1.087,1.463,18.423,11.767,18.425,30.063,48.785,2.653,3.278,3.215,1.987,2.262,2.394,25.501,12.797,38.298,48.896,1500.0,800.0,55.6,30.7,33.4,160.9,No,No,No,38.0,44.6,38.0,40.0,1.280,3.296,3.296,0.784,3.424,3.280,1.840,0.176,0.128,11.986,5.016,1228,2738,No,40,100.0,No,No,3691,1804,0.0,0.0,0.0,0.191,0.004,9639,4571,66,1.144,1211,95.344,109.049,143.074,1340.0,1750.0,99.0,99.8,39.0,0.0,0.9,0.0,0.0,0.0,0.0,0.0,0.0,0.0,0.0,0.0,25.0,3657,99,8.0,3556,0,1.106,11.516,1.144,100.195,107.227,0,0,0.000,0.000,246,14,1.059,2.019,0,1.000,111,65,63,
18.2.2021,17:0:29.463,16041,21521,42.7,10170,22529,31.1,0.0,1.444,1.450,1.450,1.450,1.450,1.450,4242.3,4242.3,4242.3,4242.3,4242.3,4242.3,99.8,1547.8,187.4,733.1,643.7,871.0,411.2,308.9,107.3,491.9,189.6,329.5,400.2,518.5,15.3,3.8,13.8,18.4,26.9,9.2,9.2,1.5,7.6,2.3,1.5,8.4,26.9,9.8,42.5,42.5,42.5,42.5,42.5,42.5,0.0,37.7,44.3,41.0,33.8,35.6,35.9,62.3,55.7,59.0,66.2,64.4,64.1,0.0,0.0,0.0,0.0,0.0,0.0,1597.1,16.00,16,18,18,38,75,560,1,44.3,42.7,48.5,1.450,1.087,1.469,18.445,11.771,18.439,30.419,48.779,2.638,3.365,3.236,2.008,2.297,2.403,25.507,12.801,38.308,48.890,1500.0,800.0,55.6,30.7,33.8,159.4,No,No,No,38.0,44.4,38.0,40.0,1.392,3.312,3.296,0.784,3.424,3.280,1.840,0.176,0.128,11.986,5.016,1216,2760,No,40,100.0,No,No,3691,1804,0.0,0.0,0.0,0.000,0.040,9639,4571,66,1.113,1234,104.625,116.395,143.043,1340.0,1750.0,100.0,100.0,50.0,0.0,1.0,0.0,0.0,0.0,0.0,0.0,0.0,0.0,0.0,0.0,25.0,3657,99,8.0,3556,0,1.113,11.484,1.144,98.438,110.547,0,0,0.000,0.000,246,14,0.596,1.438,0,1.000,110,65,63,
18.2.2021,17:0:31.490,16040,21522,42.7,10170,22529,31.1,0.0,1.444,1.444,1.444,1.444,1.456,1.456,4242.3,4242.3,4242.3,4242.3,4242.3,4242.3,99.8,1592.7,178.5,637.2,683.3,859.8,423.9,274.4,106.9,470.1,171.6,306.4,382.0,507.2,12.3,2.3,13.8,10.0,20.7,4.6,2.3,0.7,9.2,2.3,3.0,6.1,20.7,7.3,42.5,42.5,42.5,42.5,42.5,42.5,0.0,38.8,43.4,41.2,33.8,35.1,35.7,61.2,56.6,58.8,66.2,64.9,64.3,0.0,0.0,0.0,0.0,0.0,0.0,1597.1,16.00,16,18,18,38,75,560,1,44.1,42.6,42.5,1.438,1.087,1.463,18.391,11.774,18.394,30.217,48.732,2.683,3.292,3.250,1.970,2.262,2.362,25.417,12.804,38.221,48.821,1500.0,800.0,55.5,30.7,33.6,159.9,No,No,No,38.0,44.1,38.0,40.0,1.392,3.312,3.296,0.784,3.424,3.264,1.840,0.176,0.128,11.933,5.016,1214,2755,No,40,100.0,No,No,3691,1804,0.0,0.0,0.0,0.000,0.024,9639,4571,66,1.106,1263,100.406,111.074,142.078,1340.0,1750.0,99.0,99.7,31.0,0.0,1.1,0.0,0.0,0.0,0.0,0.0,0.0,0.0,0.0,0.0,26.0,3657,99,8.0,3556,0,1.131,11.516,1.144,99.023,104.102,0,0,0.000,0.000,246,14,4.359,1.263,0,1.000,115,65,63,
18.2.2021,17:0:33.519,16039,21523,42.7,10170,22528,31.1,0.0,1.456,1.456,1.456,1.444,1.444,1.444,4242.3,4242.3,4242.3,4242.3,4242.3,4242.3,99.8,1572.9,187.1,566.9,742.0,856.5,469.2,303.6,101.4,486.7,204.9,326.8,444.2,521.9,17.0,6.9,11.6,15.5,21.7,13.9,10.8,4.6,13.9,3.8,8.5,8.5,21.7,11.4,42.5,42.5,42.5,42.5,42.5,42.5,0.0,38.3,43.2,42.3,34.0,36.1,36.5,61.7,56.8,57.7,66.0,63.9,63.5,0.0,0.0,0.0,0.0,0.0,0.0,1597.1,16.00,16,18,18,38,75,560,1,44.0,42.6,45.5,1.450,1.087,1.469,18.379,11.769,18.384,30.576,48.636,2.607,3.234,3.297,2.003,2.324,2.487,25.351,12.798,38.149,48.752,1500.0,800.0,55.4,30.6,34.0,158.5,No,No,No,38.0,44.0,38.0,40.0,1.344,3.296,3.296,0.784,3.424,3.280,1.840,0.176,0.128,11.986,5.016,1220,2749,No,40,100.0,No,No,3691,1804,0.0,0.0,0.0,0.000,0.006,9639,4571,66,1.125,1270,104.625,117.703,142.875,1340.0,1750.0,100.0,99.7,26.0,0.0,0.8,0.0,0.0,0.0,0.0,0.0,0.0,0.0,0.0,0.0,26.0,3657,99,8.0,3556,0,1.106,11.531,1.144,87.109,99.902,0,0,0.000,0.000,246,14,0.031,1.205,0,1.000,113,65,63,
18.2.2021,17:0:35.539,16039,21523,42.7,10168,22531,31.0,0.0,1.463,1.444,1.444,1.444,1.450,1.450,4242.3,4242.3,4242.3,4242.3,4242.3,4242.3,99.8,1529.2,164.1,542.5,766.4,849.6,463.0,268.3,99.9,450.0,158.8,316.5,368.7,498.1,11.5,0.0,6.1,10.7,13.0,5.3,2.3,3.0,6.9,2.3,6.1,6.1,13.0,6.1,42.5,42.5,42.5,42.5,42.5,42.5,0.0,37.4,42.9,41.7,32.7,34.1,34.2,62.6,57.1,58.3,67.3,65.9,65.8,0.0,0.0,0.0,0.0,0.0,0.0,1597.1,16.00,16,18,18,38,75,560,1,44.0,42.7,44.8,1.438,1.087,1.463,18.117,11.749,18.116,29.390,48.175,2.580,3.225,3.233,1.917,2.169,2.311,24.920,12.777,37.697,48.289,1500.0,800.0,54.9,30.2,32.7,160.7,No,No,No,38.0,44.0,38.0,40.0,1.280,3.296,3.296,0.784,3.424,3.280,1.840,0.176,0.128,11.933,5.016,1218,2743,No,40,100.0,No,No,3691,1804,0.0,0.0,0.0,0.000,0.085,9639,4571,67,1.131,1284,104.625,118.357,143.223,1340.0,1750.0,100.0,100.0,39.0,0.0,1.0,0.0,0.0,0.0,0.0,0.0,0.0,0.0,0.0,0.0,27.0,3657,99,8.0,3556,0,1.131,11.453,1.144,98.633,110.352,0,0,0.000,0.000,246,14,0.075,1.280,0,1.000,109,65,63,
18.2.2021,17:0:37.554,16039,21523,42.7,10169,22529,31.1,0.0,1.456,1.444,1.450,1.450,1.450,1.450,4242.3,4242.3,4242.3,4242.3,4242.3,4242.3,99.8,1505.6,175.7,545.2,744.5,822.5,396.4,259.0,96.6,437.7,168.0,339.8,342.1,486.1,16.2,1.5,8.5,13.1,17.8,1.5,3.1,0.0,4.6,0.7,5.4,3.8,17.8,6.4,42.5,42.5,42.5,42.5,42.5,42.5,0.0,36.8,42.0,39.6,32.0,33.6,33.9,63.2,58.0,60.4,68.0,66.4,66.1,0.0,0.0,0.0,0.0,0.0,0.0,1597.1,16.00,16,18,18,38,75,560,1,43.8,42.4,43.0,1.444,1.087,1.463,17.891,11.761,17.888,28.442,47.830,2.492,3.164,3.083,1.859,2.138,2.266,24.521,12.790,37.311,47.894,1500.0,800.0,54.4,29.8,31.6,162.8,No,No,No,38.0,43.8,38.0,40.0,1.296,3.312,3.296,0.784,3.424,3.280,1.840,0.176,0.128,11.986,5.016,1198,2743,No,40,100.0,No,No,3691,1804,0.0,0.0,0.0,0.000,0.004,9639,4571,67,1.119,1295,102.938,115.161,143.480,1340.0,1750.0,100.0,99.9,36.0,0.0,1.0,0.0,0.0,0.0,0.0,0.0,0.0,0.0,0.0,0.0,27.0,3657,99,8.0,3556,0,1.113,11.422,1.144,99.219,109.570,0,0,0.000,0.000,246,14,0.053,1.237,0,0.000,104,65,63,
18.2.2021,17:0:39.573,16039,21523,42.7,10170,22529,31.1,0.0,1.013,1.463,1.463,1.463,1.463,1.463,3593.5,4242.3,4242.3,4242.3,4242.3,4242.3,99.8,1482.2,155.5,616.5,612.4,770.2,440.7,266.0,93.0,454.8,157.9,365.6,309.2,477.0,17.8,5.4,20.1,21.7,22.4,15.5,10.8,3.8,20.1,6.9,9.3,8.5,22.4,13.5,36.0,42.5,42.5,42.5,42.5,42.5,0.0,36.3,41.5,40.2,32.2,33.8,34.4,63.7,58.5,59.8,67.8,66.2,65.6,0.0,0.0,0.0,0.0,0.0,0.0,1597.1,16.00,16,18,18,38,75,560,1,43.5,42.1,42.5,1.444,1.087,1.463,18.012,11.742,18.014,28.930,48.106,2.483,3.098,3.091,1.915,2.195,2.309,24.858,12.769,37.627,48.219,1500.0,800.0,54.8,30.0,32.1,164.0,No,No,No,38.0,43.6,38.0,40.0,1.456,3.312,3.296,0.784,3.424,3.280,1.840,0.176,0.128,11.933,5.016,1204,2749,No,40,100.0,No,No,3691,1804,0.0,0.0,0.0,0.000,0.058,9639,4571,67,1.106,1297,109.688,121.342,143.352,1340.0,1750.0,100.0,100.0,31.0,0.0,0.9,0.0,0.0,0.0,0.0,0.0,0.0,0.0,0.0,0.0,27.0,3657,99,8.0,3556,0,1.113,11.484,1.144,95.117,102.734,0,0,0.000,0.000,246,14,0.258,1.375,0,1.000,97,65,63,
18.2.2021,17:0:41.595,16039,21524,42.6,10170,22528,31.1,0.0,1.019,1.019,1.019,1.019,1.019,1.019,3433.8,3433.8,4292.2,3593.5,3593.5,3593.5,99.8,1439.0,140.1,662.8,573.1,724.4,407.3,249.9,82.8,434.9,158.6,346.2,305.6,460.4,17.0,2.3,13.9,10.8,17.8,5.4,5.4,1.5,12.4,3.8,2.3,5.4,17.8,8.2,34.4,34.4,43.0,36.0,36.0,36.0,0.0,35.3,41.3,38.4,31.3,33.3,33.9,64.7,58.7,61.6,68.7,66.7,66.1,0.0,0.0,0.0,0.0,0.0,0.0,1597.1,16.00,16,18,18,38,75,560,1,43.5,42.2,38.8,1.444,1.087,1.463,17.602,11.741,17.605,27.662,47.345,2.382,3.041,2.927,1.821,2.104,2.222,24.084,12.768,36.852,47.443,1500.0,800.0,53.9,29.3,30.7,165.4,No,No,No,38.0,43.5,38.0,40.0,1.392,3.312,3.296,0.784,3.424,3.280,1.840,0.176,0.128,11.986,5.016,1206,2749,No,40,100.0,No,No,3691,1804,0.0,0.0,0.0,0.008,0.022,9639,4571,67,1.119,1297,97.875,109.498,143.211,1340.0,1750.0,100.0,99.5,61.0,0.0,1.0,0.0,0.0,0.0,0.0,0.0,0.0,0.0,0.0,0.0,27.0,3657,99,8.0,3556,0,1.106,11.516,1.144,104.297,112.500,0,0,0.000,0.000,246,14,0.043,1.182,0,1.000,92,65,63,
Date,Time,"Virtual Memory Commited [MB]","Virtual Memory Available [MB]","Virtual Memory Load [%]","Physical Memory Used [MB]","Physical Memory Available [MB]","Physical Memory Load [%]","Page File Usage [%]","Core 0 VID [V]","Core 1 VID [V]","Core 2 VID [V]","Core 3 VID [V]","Core 4 VID [V]","Core 5 VID [V]","Core 0 Clock (perf #2/4) [MHz]","Core 1 Clock (perf #1/2) [MHz]","Core 2 Clock (perf #1/1) [MHz]","Core 3 Clock (perf #4/6) [MHz]","Core 4 Clock (perf #3/3) [MHz]","Core 5 Clock (perf #5/5) [MHz]","Bus Clock [MHz]","Core 0 T0 Effective Clock [MHz]","Core 0 T1 Effective Clock [MHz]","Core 1 T0 Effective Clock [MHz]","Core 1 T1 Effective Clock [MHz]","Core 2 T0 Effective Clock [MHz]","Core 2 T1 Effective Clock [MHz]","Core 3 T0 Effective Clock [MHz]","Core 3 T1 Effective Clock [MHz]","Core 4 T0 Effective Clock [MHz]","Core 4 T1 Effective Clock [MHz]","Core 5 T0 Effective Clock [MHz]","Core 5 T1 Effective Clock [MHz]","Average Effective Clock [MHz]","Core 0 T0 Usage [%]","Core 0 T1 Usage [%]","Core 1 T0 Usage [%]","Core 1 T1 Usage [%]","Core 2 T0 Usage [%]","Core 2 T1 Usage [%]","Core 3 T0 Usage [%]","Core 3 T1 Usage [%]","Core 4 T0 Usage [%]","Core 4 T1 Usage [%]","Core 5 T0 Usage [%]","Core 5 T1 Usage [%]","Max CPU/Thread Usage [%]","Total CPU Usage [%]","Core 0 Ratio [x]","Core 1 Ratio [x]","Core 2 Ratio [x]","Core 3 Ratio [x]","Core 4 Ratio [x]","Core 5 Ratio [x]","Package C6 Residency [%]","Core 0 C0 Residency [%]","Core 1 C0 Residency [%]","Core 2 C0 Residency [%]","Core 3 C0 Residency [%]","Core 4 C0 Residency [%]","Core 5 C0 Residency [%]","Core 0 C1 Residency [%]","Core 1 C1 Residency [%]","Core 2 C1 Residency [%]","Core 3 C1 Residency [%]","Core 4 C1 Residency [%]","Core 5 C1 Residency [%]","Core 0 C6 Residency [%]","Core 1 C6 Residency [%]","Core 2 C6 Residency [%]","Core 3 C6 Residency [%]","Core 4 C6 Residency [%]","Core 5 C6 Residency [%]","Memory Clock [MHz]","Memory Clock Ratio [x]","Tcas [T]","Trcd [T]","Trp [T]","Tras [T]","Trc [T]","Trfc [T]","Command Rate [T]","CPU (Tctl/Tdie) [°C]","CPU Die (average) [°C]","CPU CCD1 (Tdie) [°C]","CPU Core Voltage (SVI2 TFN) [V]","SoC Voltage (SVI2 TFN) [V]","CPU Core VID (Effective) [V]","CPU Core Current (SVI2 TFN) [A]","SoC Current (SVI2 TFN) [A]","CPU TDC [A]","CPU EDC [A]","CPU Package Power (SMU) [W]","Core 0 Power (SMU) [W]","Core 1 Power (SMU) [W]","Core 2 Power (SMU) [W]","Core 3 Power (SMU) [W]","Core 4 Power (SMU) [W]","Core 5 Power (SMU) [W]","CPU Core Power [W]","CPU SoC Power [W]","Core+SoC Power [W]","CPU PPT [W]","Infinity Fabric Clock (FCLK) [MHz]","Memory Controller Clock (UCLK) [MHz]","CPU PPT Limit [%]","CPU TDC Limit [%]","CPU EDC Limit [%]","Power Reporting Deviation (Accuracy) [%]","Thermal Throttling (HTC) [Yes/No]","Thermal Throttling (PROCHOT CPU) [Yes/No]","Thermal Throttling (PROCHOT EXT) [Yes/No]","Motherboard [°C]","CPU [°C]","Auxiliary [°C]","CPU (PECI) [°C]","Vcore [V]","+3.3V (AVCC) [V]","+3.3V (3VCC) [V]","VIN4 [V]","3VSB [V]","VBAT [V]","VTT [V]","VIN5 [V]","VIN6 [V]","+12V [V]","+5V [V]","CPU1 [RPM]","Chassis2 [RPM]","Chassis Intrusion [Yes/No]","Drive Temperature [°C]","Drive Remaining Life [%]","Drive Failure [Yes/No]","Drive Warning [Yes/No]","Total Host Writes [GB]","Total Host Reads [GB]","Read Activity [%]","Write Activity [%]","Total Activity [%]","Read Rate [MB/s]","Write Rate [MB/s]","Read Total [MB]","Write Total [MB]","GPU Thermal Diode [°C]","GPU Core Voltage (VDDC) [V]","GPU Fan (ODN) [RPM]","GPU Core Current [A]","GPU Core Power [W]","GPU Chip Power [W]","GPU Clock [MHz]","GPU Memory Clock [MHz]","GPU Utilization [%]","GPU D3D Usage [%]","GPU Memory Controller Utilization [%]","GPU I/O Utilization [%]","GPU Video Decode 0 Usage [%]","GPU Video Encode 0 Usage [%]","GPU Video Encode 1 Usage [%]","GPU Video Encode 2 Usage [%]","GPU Video Encode 3 Usage [%]","GPU Video Encode 4 Usage [%]","GPU Computing (High Priority Compute) Usage [%]","GPU Computing (Compute 3) Usage [%]","GPU Computing (Compute 0) Usage [%]","GPU Computing (Compute 1) Usage [%]","GPU Fan Speed [%]","GPU D3D Memory Dedicated [MB]","GPU D3D Memory Dynamic [MB]","PCIe Link Speed [GT/s]","GPU Memory Usage [MB]","GPU Memory Errors []","GPU Voltage [V]","GPU VRM Voltage In (VIN/+12V) [V]","GPU VID [V]","GPU Current [A]","GPU VRM Power Out (POUT) [W]","Total DL [MB]","Total UP [MB]","Current DL rate [KB/s]","Current UP rate [KB/s]","Total DL [MB]","Total UP [MB]","Current DL rate [KB/s]","Current UP rate [KB/s]","Total Errors []","GPU Aux Current [A]","Framerate [FPS]","Framerate 1% Low [FPS]","Framerate 0.1% Low [FPS]",
,,System,System,System,System,System,System,System,CPU [#0]: AMD Ryzen 5 3600,CPU [#0]: AMD Ryzen 5 3600,CPU [#0]: AMD Ryzen 5 3600,CPU [#0]: AMD Ryzen 5 3600,CPU [#0]: AMD Ryzen 5 3600,CPU [#0]: AMD Ryzen 5 3600,CPU [#0]: AMD Ryzen 5 3600,CPU [#0]: AMD Ryzen 5 3600,CPU [#0]: AMD Ryzen 5 3600,CPU [#0]: AMD Ryzen 5 3600,CPU [#0]: AMD Ryzen 5 3600,CPU [#0]: AMD Ryzen 5 3600,CPU [#0]: AMD Ryzen 5 3600,CPU [#0]: AMD Ryzen 5 3600,CPU [#0]: AMD Ryzen 5 3600,CPU [#0]: AMD Ryzen 5 3600,CPU [#0]: AMD Ryzen 5 3600,CPU [#0]: AMD Ryzen 5 3600,CPU [#0]: AMD Ryzen 5 3600,CPU [#0]: AMD Ryzen 5 3600,CPU [#0]: AMD Ryzen 5 3600,CPU [#0]: AMD Ryzen 5 3600,CPU [#0]: AMD Ryzen 5 3600,CPU [#0]: AMD Ryzen 5 3600,CPU [#0]: AMD Ryzen 5 3600,CPU [#0]: AMD Ryzen 5 3600,CPU [#0]: AMD Ryzen 5 3600,CPU [#0]: AMD Ryzen 5 3600,CPU [#0]: AMD Ryzen 5 3600,CPU [#0]: AMD Ryzen 5 3600,CPU [#0]: AMD Ryzen 5 3600,CPU [#0]: AMD Ryzen 5 3600,CPU [#0]: AMD Ryzen 5 3600,CPU [#0]: AMD Ryzen 5 3600,CPU [#0]: AMD Ryzen 5 3600,CPU [#0]: AMD Ryzen 5 3600,CPU [#0]: AMD Ryzen 5 3600,CPU [#0]: AMD Ryzen 5 3600,CPU [#0]: AMD Ryzen 5 3600,CPU [#0]: AMD Ryzen 5 3600,CPU [#0]: AMD Ryzen 5 3600,CPU [#0]: AMD Ryzen 5 3600,CPU [#0]: AMD Ryzen 5 3600,CPU [#0]: AMD Ryzen 5 3600,CPU [#0]: AMD Ryzen 5 3600,CPU [#0]: AMD Ryzen 5 3600,CPU [#0]: AMD Ryzen 5 3600: C-State Residency,CPU [#0]: AMD Ryzen 5 3600: C-State Residency,CPU [#0]: AMD Ryzen 5 3600: C-State Residency,CPU [#0]: AMD Ryzen 5 3600: C-State Residency,CPU [#0]: AMD Ryzen 5 3600: C-State Residency,CPU [#0]: AMD Ryzen 5 3600: C-State Residency,CPU [#0]: AMD Ryzen 5 3600: C-State Residency,CPU [#0]: AMD Ryzen 5 3600: C-State Residency,CPU [#0]: AMD Ryzen 5 3600: C-State Residency,CPU [#0]: AMD Ryzen 5 3600: C-State Residency,CPU [#0]: AMD Ryzen 5 3600: C-State Residency,CPU [#0]: AMD Ryzen 5 3600: C-State Residency,CPU [#0]: AMD Ryzen 5 3600: C-State Residency,CPU [#0]: AMD Ryzen 5 3600: C-State Residency,CPU [#0]: AMD Ryzen 5 3600: C-State Residency,CPU [#0]: AMD Ryzen 5 3600: C-State Residency,CPU [#0]: AMD Ryzen 5 3600: C-State Residency,CPU [#0]: AMD Ryzen 5 3600: C-State Residency,CPU [#0]: AMD Ryzen 5 3600: C-State Residency,Memory Timings,Memory Timings,Memory Timings,Memory Timings,Memory Timings,Memory Timings,Memory Timings,Memory Timings,Memory Timings,CPU [#0]: AMD Ryzen 5 3600: Enhanced,CPU [#0]: AMD Ryzen 5 3600: Enhanced,CPU [#0]: AMD Ryzen 5 3600: Enhanced,CPU [#0]: AMD Ryzen 5 3600: Enhanced,CPU [#0]: AMD Ryzen 5 3600: Enhanced,CPU [#0]: AMD Ryzen 5 3600: Enhanced,CPU [#0]: AMD Ryzen 5 3600: Enhanced,CPU [#0]: AMD Ryzen 5 3600: Enhanced,CPU [#0]: AMD Ryzen 5 3600: Enhanced,CPU [#0]: AMD Ryzen 5 3600: Enhanced,CPU [#0]: AMD Ryzen 5 3600: Enhanced,CPU [#0]: AMD Ryzen 5 3600: Enhanced,CPU [#0]: AMD Ryzen 5 3600: Enhanced,CPU [#0]: AMD Ryzen 5 3600: Enhanced,CPU [#0]: AMD Ryzen 5 3600: Enhanced,CPU [#0]: AMD Ryzen 5 3600: Enhanced,CPU [#0]: AMD Ryzen 5 3600: Enhanced,CPU [#0]: AMD Ryzen 5 3600: Enhanced,CPU [#0]: AMD Ryzen 5 3600: Enhanced,CPU [#0]: AMD Ryzen 5 3600: Enhanced,CPU [#0]: AMD Ryzen 5 3600: Enhanced,CPU [#0]: AMD Ryzen 5 3600: Enhanced,CPU [#0]: AMD Ryzen 5 3600: Enhanced,CPU [#0]: AMD Ryzen 5 3600: Enhanced,CPU [#0]: AMD Ryzen 5 3600: Enhanced,CPU [#0]: AMD Ryzen 5 3600: Enhanced,CPU [#0]: AMD Ryzen 5 3600: Enhanced,CPU [#0]: AMD Ryzen 5 3600: Enhanced,CPU [#0]: AMD Ryzen 5 3600: Enhanced,CPU [#0]: AMD Ryzen 5 3600: Enhanced,ASRock B450 Gaming-ITX/ac (Nuvoton NCT6792D),ASRock B450 Gaming-ITX/ac (Nuvoton NCT6792D),ASRock B450 Gaming-ITX/ac (Nuvoton NCT6792D),ASRock B450 Gaming-ITX/ac (Nuvoton NCT6792D),ASRock B450 Gaming-ITX/ac (Nuvoton NCT6792D),ASRock B450 Gaming-ITX/ac (Nuvoton NCT6792D),ASRock B450 Gaming-ITX/ac (Nuvoton NCT6792D),ASRock B450 Gaming-ITX/ac (Nuvoton NCT6792D),ASRock B450 Gaming-ITX/ac (Nuvoton NCT6792D),ASRock B450 Gaming-ITX/ac (Nuvoton NCT6792D),ASRock B450 Gaming-ITX/ac (Nuvoton NCT6792D),ASRock B450 Gaming-ITX/ac (Nuvoton NCT6792D),ASRock B450 Gaming-ITX/ac (Nuvoton NCT6792D),ASRock B450 Gaming-ITX/ac (Nuvoton NCT6792D),ASRock B450 Gaming-ITX/ac (Nuvoton NCT6792D),ASRock B450 Gaming-ITX/ac (Nuvoton NCT6792D),ASRock B450 Gaming-ITX/ac (Nuvoton NCT6792D),ASRock B450 Gaming-ITX/ac (Nuvoton NCT6792D),S.M.A.R.T.: INTEL SSDPEKNW010T8 (PHNH930606981P0B),S.M.A.R.T.: INTEL SSDPEKNW010T8 (PHNH930606981P0B),S.M.A.R.T.: INTEL SSDPEKNW010T8 (PHNH930606981P0B),S.M.A.R.T.: INTEL SSDPEKNW010T8 (PHNH930606981P0B),S.M.A.R.T.: INTEL SSDPEKNW010T8 (PHNH930606981P0B),S.M.A.R.T.: INTEL SSDPEKNW010T8 (PHNH930606981P0B),Drive: INTEL SSDPEKNW010T8 (PHNH930606981P0B),Drive: INTEL SSDPEKNW010T8 (PHNH930606981P0B),Drive: INTEL SSDPEKNW010T8 (PHNH930606981P0B),Drive: INTEL SSDPEKNW010T8 (PHNH930606981P0B),Drive: INTEL SSDPEKNW010T8 (PHNH930606981P0B),Drive: INTEL SSDPEKNW010T8 (PHNH930606981P0B),Drive: INTEL SSDPEKNW010T8 (PHNH930606981P0B),GPU [#0]: AMD Radeon RX 570: ,GPU [#0]: AMD Radeon RX 570: ,GPU [#0]: AMD Radeon RX 570: ,GPU [#0]: AMD Radeon RX 570: ,GPU [#0]: AMD Radeon RX 570: ,GPU [#0]: AMD Radeon RX 570: ,GPU [#0]: AMD Radeon RX 570: ,GPU [#0]: AMD Radeon RX 570: ,GPU [#0]: AMD Radeon RX 570: ,GPU [#0]: AMD Radeon RX 570: ,GPU [#0]: AMD Radeon RX 570: ,GPU [#0]: AMD Radeon RX 570: ,GPU [#0]: AMD Radeon RX 570: ,GPU [#0]: AMD Radeon RX 570: ,GPU [#0]: AMD Radeon RX 570: ,GPU [#0]: AMD Radeon RX 570: ,GPU [#0]: AMD Radeon RX 570: ,GPU [#0]: AMD Radeon RX 570: ,GPU [#0]: AMD Radeon RX 570: ,GPU [#0]: AMD Radeon RX 570: ,GPU [#0]: AMD Radeon RX 570: ,GPU [#0]: AMD Radeon RX 570: ,GPU [#0]: AMD Radeon RX 570: ,GPU [#0]: AMD Radeon RX 570: ,GPU [#0]: AMD Radeon RX 570: ,GPU [#0]: AMD Radeon RX 570: ,GPU [#0]: AMD Radeon RX 570: ,GPU [#0]: AMD Radeon RX 570: ,GPU [#0]: AMD Radeon RX 570: On Semi NCP81022,GPU [#0]: AMD Radeon RX 570: On Semi NCP81022,GPU [#0]: AMD Radeon RX 570: On Semi NCP81022,GPU [#0]: AMD Radeon RX 570: On Semi NCP81022,GPU [#0]: AMD Radeon RX 570: On Semi NCP81022,Network: Intel Dual Band Wireless-AC 3168,Network: Intel Dual Band Wireless-AC 3168,Network: Intel Dual Band Wireless-AC 3168,Network: Intel Dual Band Wireless-AC 3168,Network: Intel I211AT Copper (Pearsonville) Network Adapter,Network: Intel I211AT Copper (Pearsonville) Network Adapter,Network: Intel I211AT Copper (Pearsonville) Network Adapter,Network: Intel I211AT Copper (Pearsonville) Network Adapter,Windows Hardware Errors (WHEA),GPU [#0]: AMD Radeon RX 570: ,RTSS,RTSS,RTSS,
